img_id,dice,ece,sparsification_error,uncertainty_error_dice,error_auroc,error_auprc
IDRiD_78,0.7196961641311646,0.0030773202888667583,0.6222642276251931,0.17490121722221375,0.8934989660026131,0.9269458864077192
IDRiD_74,0.6797263622283936,0.0014314207946881652,0.9605837569162863,0.06841941177845001,0.9963237540215146,0.9944347673547158
IDRiD_72,0.8479809165000916,0.002804203424602747,0.9118251594804293,0.04866693168878555,0.9792336922843456,0.9791340962997126
