img_id,dice,ece,sparsification_error,uncertainty_error_dice,error_auroc,error_auprc
IDRiD_78,0.6777708530426025,0.004788090940564871,0.9435111036578256,0.3125021159648895,0.977468045117559,0.2577118435842882
