temperature,ece
0.5,0.0084317814443975
0.75,0.007926912906635875
1.0,0.007361147105984813
1.25,0.006686548917733072
1.5,0.005862984661491527
2.0,0.0035652234202734087
3.0,0.00844617717814311
