img_id,dice,ece,brier,sparsification_error,uncertain_pixel_percent,max_calibration_error,mean_abs_calib_error
IDRiD_78,0.7127822637557983,0.006003053393214941,0.006331289652734995,0.9498986934137494,0.1183522418141365,0.5347257852554321,0.221772238612175
IDRiD_77,0.6571672558784485,0.0064831385388970375,0.0069190580397844315,0.9123101738525194,0.1279197335243225,0.38981688022613525,0.17128106951713562
IDRiD_79,0.7882063388824463,0.01409971620887518,0.015210304409265518,0.9343744247612875,0.0925961509346962,0.4795711040496826,0.19466732442378998
IDRiD_80,0.5545023679733276,0.0005616821581497788,0.0005821496597491205,0.9561437971377746,0.0006952160038053989,0.44135504961013794,0.18064959347248077
IDRiD_81,0.8240499496459961,0.010000400245189667,0.011605066247284412,0.9090014179385957,0.21720533072948456,0.2957039475440979,0.11489790678024292
