img_id,dice,ece,sparsification_error,uncertainty_error_dice,error_auroc,error_auprc
IDRiD_78,0.7788442969322205,0.0026707518845796585,0.9601530801480995,0.13043838739395142,0.9925884102759999,0.34510306780761435
IDRiD_74,0.7278459668159485,0.0009710978483781219,0.9618506490385622,0.03396300971508026,0.9953912455844356,0.3153082972085071
IDRiD_72,0.8661859631538391,0.0022615413181483746,0.9640065463855524,0.2664238512516022,0.9946214039136632,0.34520980649713284
