img_id,dice,ece,sparsification_error,uncertainty_error_dice,error_auroc,error_auprc
IDRiD_78,0.6348641514778137,0.004104305058717728,0.5238797814528772,0.0,0.5,0.0048914656771799625
IDRiD_74,0.7179089188575745,0.0007514493772760034,0.3950856327469031,0.0,0.5,0.0013144712430426717
IDRiD_72,0.780677855014801,0.004436771851032972,0.07590214869886713,0.0,0.5,0.005750371057513914
