img_id,dice,ece,sparsification_error,uncertainty_error_dice,error_auroc,error_auprc
IDRiD_78,0.690483808517456,0.0036179712042212486,0.8709521159079653,0.003352470463141799,0.9585744460061173,0.2918038069499807
IDRiD_74,0.7290298938751221,0.0009043737081810832,0.9498793714880442,0.007127075921744108,0.9915389597214014,0.2998255547633115
IDRiD_72,0.7685873508453369,0.00478258915245533,0.9404595666978472,0.05298364534974098,0.9852347369136103,0.3840734044368847
