img_id,dice,ece,sparsification_error,uncertainty_error_dice,error_auroc,error_auprc
IDRiD_78,0.7134327292442322,0.003336638677865267,0.9521936562809008,0.108467698097229,0.9846842136496391,0.27889641925663394
IDRiD_74,0.7375972867012024,0.00090564921265468,0.9595233934915521,0.1290283501148224,0.995773744649703,0.3038525394352714
IDRiD_72,0.8492456674575806,0.0027632450219243765,0.9605120809062776,0.04104944318532944,0.9920475268983173,0.3402587138553128
