img_id,dice,ece,sparsification_error,uncertainty_error_dice,error_auroc,error_auprc
IDRiD_78,0.6941516399383545,0.0035700947046279907,0.5364297557750367,0.0,0.5,0.004398144712430427
