img_id,dice,ece,sparsification_error,uncertainty_error_dice,error_auroc,error_auprc
IDRiD_78,0.7620686888694763,0.002537946682423353,0.9035339924724736,0.06059235706925392,0.9734627925108883,0.32458442704646734
