img_id,dice,ece,sparsification_error,uncertainty_error_dice,error_auroc,error_auprc
IDRiD_78,0.7189558148384094,0.0033517975825816393,0.9581115699569198,0.04812725633382797,0.9883013662628992,0.28018796447190875
IDRiD_74,0.7306247353553772,0.0009742410038597882,0.9614871161599344,0.22959566116333008,0.9968153050994836,0.3037439645434968
IDRiD_72,0.8506718873977661,0.0025023063644766808,0.9622447085625643,0.2517690062522888,0.9929548349655951,0.3428813935835318
