temperature,ece
0.5,0.005973520391010123
0.75,0.005601289128999546
1.0,0.005252043049744444
1.25,0.004836085172873587
1.5,0.004238427266164817
2.0,0.0017791343101088712
3.0,0.013883552441396321
