temperature,ece
0.5,0.008264516352819926
0.75,0.007430666905277264
1.0,0.006561008040929789
1.25,0.005440634691829382
1.5,0.004069347701335696
2.0,0.0021549969925407702
3.0,0.015838949328359744
