img_id,dice,ece,brier,sparsification_error,uncertain_pixel_percent,max_calibration_error,mean_abs_calib_error
IDRiD_78,0.7840888500213623,0.0025132072623819113,0.0031157738994807005,0.9651534033848842,0.18897958099842072,0.3323688507080078,0.1527954638004303
IDRiD_77,0.7692723274230957,0.002756086178123951,0.003418374340981245,0.9619961917164831,0.01834879443049431,0.2842562794685364,0.11910615116357803
IDRiD_79,0.8538027405738831,0.006272314116358757,0.007556548807770014,0.9602868732476908,0.04717996343970299,0.36125481128692627,0.15064261853694916
IDRiD_80,0.42997902631759644,0.0004383359628263861,0.0004642094427254051,0.9646099540111425,0.0032096474897116423,0.32603931427001953,0.1466585397720337
IDRiD_81,0.7956377267837524,0.0073175737634301186,0.008985381573438644,0.9530899954059915,0.5197217464447021,0.29598116874694824,0.12251432240009308
