img_id,dice,ece,brier,sparsification_error,uncertain_pixel_percent,max_calibration_error,mean_abs_calib_error
IDRiD_78,0.7703099250793457,0.0025098309852182865,0.0031246021389961243,0.9609402892939991,0.12212430685758591,0.19151091575622559,0.09480949491262436
IDRiD_77,0.6997682452201843,0.003410332603380084,0.003863475052639842,0.930104689246578,0.2097773551940918,0.2929050624370575,0.1256769299507141
IDRiD_79,0.8509920239448547,0.00566619448363781,0.007311374414712191,0.9617016106306888,0.2805194854736328,0.23404085636138916,0.09718440473079681
IDRiD_80,0.3893575668334961,0.000453436397947371,0.0004899101331830025,0.9639469467024272,0.007847866043448448,0.3262428641319275,0.14259107410907745
IDRiD_81,0.5724914073944092,0.014826999045908451,0.014607199467718601,0.9367646732861419,0.9124025702476501,0.64791339635849,0.23029299080371857
