img_id,dice,ece,brier,sparsification_error,uncertain_pixel_percent,max_calibration_error,mean_abs_calib_error
IDRiD_78,0.5356788635253906,0.0008530975901521742,0.0010764680337160826,0.0,0.0,0.4867337942123413,0.2208603322505951
IDRiD_77,0.5450007915496826,0.0007300505531020463,0.0009515857673250139,0.0,0.0,0.4985409080982208,0.2171216905117035
IDRiD_79,0.4285134971141815,0.0013895181473344564,0.0014753814321011305,0.0,0.0,0.3257133364677429,0.1700790822505951
IDRiD_80,0.4914841949939728,4.6640056098112836e-05,4.685557360062376e-05,0.0,0.0,0.547208309173584,0.21833536028862
IDRiD_81,0.4702211320400238,0.0009141694172285497,0.0010040688794106245,0.0,0.0,0.577357292175293,0.28074249625205994
