img_id,ece,fraction_positive,mean_confidence,confidence_std
IDRiD_78,0.005503673572093248,0.0116269905,0.013180071,0.10836698
IDRiD_77,0.006085019093006849,0.0119623495,0.011028973,0.0982761
IDRiD_79,0.01281059067696333,0.039716367,0.042255435,0.19196114
IDRiD_80,0.0005433556507341564,0.0008537914,0.0005012152,0.021041881
IDRiD_81,0.009083922952413559,0.038596407,0.036366086,0.17850435
