temperature,ece
0.5,0.008026806531812846
0.75,0.0074219221647093825
1.0,0.006709268752282044
1.25,0.005789526212002139
1.5,0.004508419682392596
2.0,0.003804095800436517
3.0,0.019630827705711573
