temperature,ece
0.5,0.008047966074697344
0.75,0.007371526544711968
1.0,0.006526927270643487
1.25,0.0054030967597774
1.5,0.00390713047620995
2.0,0.004134523298878616
3.0,0.017385577743240118
