img_id,dice,ece,brier,sparsification_error,uncertain_pixel_percent,max_calibration_error,mean_abs_calib_error
IDRiD_78,0.7524045705795288,0.0029035278130322695,0.003338676644489169,0.9489835520386601,0.008237476460635662,0.2534141540527344,0.1046207919716835
IDRiD_77,0.7168728709220886,0.0033654426224529743,0.0038134928327053785,0.9465462658009414,0.022541744634509087,0.2806583642959595,0.107068732380867
IDRiD_79,0.8501183390617371,0.005943083669990301,0.007304415572434664,0.9587840071327042,0.007829314097762108,0.2142990678548813,0.09330044686794281
IDRiD_80,0.2736566662788391,0.0005302954814396799,0.0005412789760157466,0.9602286696626203,0.0004545454285107553,0.43575048446655273,0.15221445262432098
IDRiD_81,0.5128889083862305,0.018121324479579926,0.01835988275706768,0.9364755112735197,0.10703153908252716,0.48970651626586914,0.2017752230167389
