img_id,dice,ece,brier,sparsification_error,uncertain_pixel_percent,max_calibration_error,mean_abs_calib_error,error_auroc,error_auprc
IDRiD_78,0.784945547580719,0.0024737606290727854,0.00306490994989872,0.9476999322717679,0.01820037141442299,0.25847041606903076,0.11387747526168823,0.9894186820978973,0.33215308648399894
IDRiD_77,0.6854360103607178,0.0037936889566481113,0.004340609535574913,0.9144733951645801,0.011474953964352608,0.195512056350708,0.0948566198348999,0.9665144474411839,0.28146712160384096
IDRiD_79,0.8471029996871948,0.0061841378919780254,0.0077135805040597916,0.9305721265911066,0.0012615955201908946,0.2987555265426636,0.12284008413553238,0.979899030314651,0.3522895081211758
