img_id,dice,ece,sparsification_error,uncertainty_error_dice,error_auroc,error_auprc
IDRiD_78,0.6735105514526367,0.005389533005654812,0.9050439635746468,0.06907730549573898,0.9680981800642081,0.9684954906264689
IDRiD_74,0.6933013796806335,0.0017204575706273317,0.952383022161586,0.08853708952665329,0.993493368424406,0.9911842113659854
IDRiD_72,0.8162752389907837,0.005323469173163176,0.9277547686847318,0.06039472669363022,0.9814877725052216,0.978833347642371
