img_id,dice,ece,sparsification_error,uncertainty_error_dice,error_auroc,error_auprc
IDRiD_78,0.7662075161933899,0.0024618967436254025,0.9272987443380986,0.1416625827550888,0.9841711608060064,0.3553405910377599
